{
    "card_payment_fee_charged": 0.018694391682495252,
    "direct_debit_payment_not_recognised": 0.01819454163750875,
    "balance_not_updated_after_cheque_or_cash_deposit": 0.018094571628511448,
    "wrong_amount_of_cash_received": 0.017994601619514147,
    "cash_withdrawal_charge": 0.017694691592522245,
    "transaction_charged_twice": 0.01749475157452764,
    "declined_cash_withdrawal": 0.01729481155653304,
    "transfer_fee_charged": 0.017194841547535738,
    "transfer_not_received_by_recipient": 0.017094871538538437,
    "balance_not_updated_after_bank_transfer": 0.017094871538538437,
    "request_refund": 0.016894931520543836,
    "card_payment_not_recognised": 0.016794961511546535,
    "card_payment_wrong_exchange_rate": 0.016694991502549234,
    "extra_charge_on_statement": 0.016595021493551933,
    "wrong_exchange_rate_for_cash_withdrawal": 0.01629511146656003,
    "Refund_not_showing_up": 0.01619514145756273,
    "reverted_card_payment?": 0.01609517144856543,
    "cash_withdrawal_not_recognised": 0.01599520143956813,
    "activate_my_card": 0.015895231430570828,
    "pending_card_payment": 0.015895231430570828,
    "cancel_transfer": 0.015695291412576227,
    "beneficiary_not_allowed": 0.015595321403578926,
    "declined_card_payment": 0.015295411376587024,
    "card_arrival": 0.015295411376587024,
    "pending_top_up": 0.01489553134059782,
    "pending_transfer": 0.01479556133160052,
    "top_up_reverted": 0.014595621313605919,
    "top_up_failed": 0.014495651304608618,
    "pending_cash_withdrawal": 0.014295711286614016,
    "card_linking": 0.013895831250624813,
    "failed_transfer": 0.01369589123263021,
    "visa_or_mastercard": 0.013495951214635609,
    "declined_transfer": 0.013296011196641007,
    "getting_spare_card": 0.012896131160651804,
    "card_about_to_expire": 0.012896131160651804,
    "country_support": 0.012896131160651804,
    "supported_cards_and_currencies": 0.012896131160651804,
    "transfer_timing": 0.012796161151654504,
    "automatic_top_up": 0.012696191142657203,
    "fiat_currency_support": 0.012596221133659902,
    "verify_top_up": 0.012596221133659902,
    "apple_pay_or_google_pay": 0.012596221133659902,
    "change_pin": 0.012196341097670699,
    "lost_or_stolen_phone": 0.012096371088673398,
    "why_verify_identity": 0.012096371088673398,
    "edit_personal_details": 0.012096371088673398,
    "disposable_card_limits": 0.012096371088673398,
    "exchange_charge": 0.012096371088673398,
    "order_physical_card": 0.011996401079676098,
    "exchange_via_app": 0.011796461061681496,
    "pin_blocked": 0.011496551034689594,
    "top_up_by_cash_or_cheque": 0.011396581025692293,
    "top_up_by_card_charge": 0.011396581025692293,
    "transfer_into_account": 0.01129661101669499,
    "verify_source_of_funds": 0.01129661101669499,
    "exchange_rate": 0.01119664100769769,
    "card_delivery_estimate": 0.01119664100769769,
    "card_not_working": 0.01119664100769769,
    "top_up_by_bank_transfer_charge": 0.01109667099870039,
    "age_limit": 0.010996700989703088,
    "terminate_account": 0.010796760971708487,
    "get_physical_card": 0.010596820953713885,
    "passcode_forgotten": 0.010496850944716585,
    "verify_my_identity": 0.010396880935719284,
    "topping_up_by_card": 0.010296910926721983,
    "unable_to_verify_identity": 0.010196940917724683,
    "getting_virtual_card": 0.00979706088173548,
    "get_disposable_virtual_card": 0.009697090872738179,
    "top_up_limits": 0.009697090872738179,
    "receiving_money": 0.009497150854743577,
    "atm_support": 0.00869739078276517,
    "compromised_card": 0.008597420773767869,
    "lost_or_stolen_card": 0.008197540737778666,
    "card_swallowed": 0.0060981705488353495,
    "card_acceptance": 0.005898230530840748,
    "virtual_card_not_working": 0.004098770368889333,
    "contactless_not_working": 0.0034989503149055285
}